Model Category,Model Name,Accuracy/Performance,Key Strengths,Limitations,Best Use Case
Machine Learning Models,Random Forest (RF),66% accuracy (Chen 2023),"Pattern recognition, non-linear",Overfitting risk,Pattern detection in volatile data
Machine Learning Models,Support Vector Machine (SVM),~50% avg classification (Akyildirim),Complex relationships,Parameter sensitivity,Classification problems
Machine Learning Models,XGBoost,Best for 5-min predictions,High accuracy short-term,Complex tuning,Short-term price prediction
Machine Learning Models,Logistic Regression,66% accuracy (studies),"Simple, interpretable",Linear assumptions,Binary predictions
Machine Learning Models,K-Nearest Neighbors (KNN),50.9-56.0% (Jaquart),Local pattern recognition,Curse of dimensionality,Local trend analysis
Deep Learning Models,LSTM (Long Short-Term Memory),6.5% MAPE (recent study),Temporal dependencies,Computationally intensive,Sequential price forecasting
Deep Learning Models,CNN-LSTM,82.44% accuracy (best combo),Combined spatial-temporal,Training complexity,Multi-feature time series
Deep Learning Models,GRU (Gated Recurrent Unit),4.67 MSE vs 6.25 LSTM,Better than LSTM for sequences,Still requires tuning,Sequential data with memory
Deep Learning Models,Temporal Convolutional Network (TCN),Strong for sequences,Long-range dependencies,Parameter selection,Long sequence modeling
Deep Learning Models,Multi-Layer Perceptron (MLP),Outpaced by LSTM,Universal approximation,Local minima issues,Non-linear approximation
Statistical Models,ARIMA,"Good short-term, degrades long-term",Established methodology,Random walk assumption,Short-term forecasting
Statistical Models,GARCH,Captures volatility clustering,Volatility modeling,Assumes normal distribution,Risk management/VaR
Statistical Models,ARIMA-GARCH,"ARIMA(12,1,12)-GARCH(1,1)",Combined trend + volatility,Model complexity,Combined price-volatility
Statistical Models,Vector Autoregression (VAR),Promising for multivariates,Multi-variable relationships,Stationarity requirements,Multi-asset analysis
Economic/Valuation Models,Stock-to-Flow (S2F),S2F=113 by 2024 halving,Scarcity-based valuation,Supply-side only focus,Long-term valuation
Economic/Valuation Models,Metcalfe's Law,85% correlation with price,Network effects capture,Network assumption only,Network growth valuation
Economic/Valuation Models,Cost of Production Model,Floor price correlation,Fundamental floor price,Mining cost variations,Fair value estimation
Economic/Valuation Models,Total Addressable Market (TAM),Variable assumptions,Market sizing approach,Assumption dependent,Market opportunity sizing
Economic/Valuation Models,Quantity Theory of Money,MV = PQ relationship,Economic theory based,Velocity estimation,Macro economic analysis
On-Chain Models,NVT (Network Value to Transactions),PE-like ratio for crypto,Network utilization metric,Volume estimation challenges,Network health assessment
On-Chain Models,MVRV (Market Value to Realized Value),Cycle high/low identification,Realized vs market cap,Realized price calculation,Market cycle identification
On-Chain Models,SOPR (Spent Output Profit Ratio),Profit margin tracking,Real-time profitability,Short-term focused,Trading signals
On-Chain Models,On-Chain Volume Analysis,Investor behavior insights,Blockchain-native data,Data availability,Sentiment analysis
Hybrid Models,ARIMA-LSSVM-SVM,Multiple model benefits,Model combination benefits,Increased complexity,Robust prediction systems
Hybrid Models,Wavelet-LSTM,Frequency decomposition,Multi-frequency analysis,Computational overhead,Multi-timeframe analysis
Hybrid Models,Ensemble Methods,Improved robustness,Reduced overfitting,Model selection,Risk reduction
AI/Advanced Models,Neural Network Ensembles,1640% return (2018-2024),Multi-model integration,Black box nature,Adaptive trading strategies
AI/Advanced Models,ChatGPT-based Models,Dynamic strategy adaptation,Real-time adaptation,Requires quality data,Real-time decision making
AI/Advanced Models,CryptoMamba (State Space Models),Captures long-range dependencies,Computational efficiency,Relatively new approach,High-frequency predictions
