Era,Model
Early Era (2010-2015),ARIMA
Early Era (2010-2015),GARCH
Early Era (2010-2015),Linear Regression
Machine Learning Era (2016-2019),SVM
Machine Learning Era (2016-2019),Random Forest
Machine Learning Era (2016-2019),Neural Networks
Machine Learning Era (2016-2019),LSTM
Deep Learning Era (2020-2022),CNN-LSTM
Deep Learning Era (2020-2022),GRU
Deep Learning Era (2020-2022),TCN
Deep Learning Era (2020-2022),Hybrid Models
AI/On-Chain Era (2023-2025),ChatGPT Models
AI/On-Chain Era (2023-2025),State Space Models
AI/On-Chain Era (2023-2025),Advanced Ensembles
AI/On-Chain Era (2023-2025),On-Chain Analytics
